{
  "distances": {
    "coherent_gapped": 37.38018798828125,
    "coherent_open": 111.99932098388672,
    "gapped_open": 85.40629577636719
  }
}