{
  "rupture_dist": 3.560546875,
  "repair_dist": 4.09375,
  "baseline": 50.5
}