{
  "divergences": [
    154.625,
    3.482421875,
    2.693359375,
    1.9833984375,
    1.9072265625
  ],
  "final": 1.9072265625,
  "persists": false
}